Topic	Subtopic	Description	Educational_Level	Depth_Level	Domain	Difficulty	Duration_Hours	Is_Core	Pedagogical_Order	MCAT_Relevant	Prerequisites	Learning_Objectives	Assessment_Methods	Source_Books	Extraction_Strategy
Equations	Equations	Representing Acceleration with Equations and Graphs m54116 Representing Acceleration with Equations and Graphs e83ad5af-9be3-4288-93db-960ddd87f11e Section Learning Objectives By the end of this secti	high_school	1	physics	2	4	Core	1	No	Algebra	Learning Objectives By the end of this section, you will be able to do the following: Explain the kinematic equations related to acceleration and illustrate them with graphs Apply the kinematic equations and related graphs to problems involving acceleration Teacher Support The Learning Objectives in this section will help your students master...	Problem solving; Conceptual understanding; Application	Physics	content_processing
Motion: Inertia Newton's First Law of Motion: Inertia Section Learning Objectives By the end of this section	Motion: Inertia Newton's First Law of Motion: Inertia Section Learning Objectives By the end of this section	Newton's First Law of Motion: Inertia m54138 Newton's First Law of Motion: Inertia 02d55ef3-d7de-4f63-a118-6d4d18bd73b0 Section Learning Objectives By the end of this section, you will be able to do t	high_school	1	physics	2	4	Core	2	No		Learning Objectives By the end of this section, you will be able to do the following: Describe Newton’s first law and friction, and Discuss the relationship between mass and inertia. Teacher Support The learning objectives in this section will help students master the following standards: (4) Science concepts. The student knows and applies the laws governing motion in a...	Problem solving; Conceptual understanding; Application	Physics	content_processing
Motion Newton's Second Law of Motion Section Learning Objectives By the end of this section	Motion Newton's Second Law of Motion Section Learning Objectives By the end of this section	Newton's Second Law of Motion m54142 Newton's Second Law of Motion 07ba477b-5df7-41a9-bce0-bc44ceab356a Section Learning Objectives By the end of this section, you will be able to do the following: De	high_school	1	physics	2	4	Core	3	No		Learning Objectives By the end of this section, you will be able to do the following: Describe Newton’s second law, both verbally and mathematically Use Newton’s second law to solve problems Teacher Support The learning objectives in this section will help students master the following standards: (4) Science concepts. The student knows and applies the laws governing motion in a variety...	Problem solving; Conceptual understanding; Application	Physics	content_processing
Motion Newton's Third Law of Motion Section Learning Objectives By the end of this section	Motion Newton's Third Law of Motion Section Learning Objectives By the end of this section	Newton's Third Law of Motion m54131 Newton's Third Law of Motion bd5b0c24-7512-4a08-9e41-8596a670a97f Section Learning Objectives By the end of this section, you will be able to do the following: Desc	high_school	1	physics	2	4	Core	4	No		Learning Objectives By the end of this section, you will be able to do the following: Describe Newton’s third law, both verbally and mathematically Use Newton’s third law to solve problems Teacher Support The learning objectives in this section will help your students master the following standards: (4) Science concepts. The student knows and applies the laws governing motion in a variet...	Problem solving; Conceptual understanding; Application	Physics	content_processing
Rotational Motion	Rotational Motion	Angle of Rotation and Angular Velocity m54176 Angle of Rotation and Angular Velocity 541ebd77-2d9a-43ee-9d52-40c4d4261f6f Section Learning Objectives By the end of this section, you will be able to do	high_school	1	physics	2	4	Core	5	No	Forces; Linear motion	Learning Objectives By the end of this section, you will be able to do the following: Describe the angle of rotation and relate it to its linear counterpart Describe angular velocity and relate it to its linear counterpart Solve problems involving angle of rotation and angular velocity Teacher Support The learning objectives in this section will help your students mas...	Problem solving; Conceptual understanding; Application	Physics	content_processing
Planetary Science	Planetary Science	Kepler's Laws of Planetary Motion m54192 Kepler's Laws of Planetary Motion 7825821d-3e4b-4384-b98b-d44d40c0c41b Section Learning Objectives By the end of this section, you will be able to do the follo	high_school	1	physics	2	4	Core	6	No		Learning Objectives By the end of this section, you will be able to do the following: Explain Kepler’s three laws of planetary motion Apply Kepler’s laws to calculate characteristics of orbits Teacher Support The learning objectives in this section will help your students master the following standards: (4) Science concepts. The student knows and applies the laws governing moti...	Problem solving; Conceptual understanding; Application	Physics	content_processing
Conservation of momentum verbally and mathematically teacher support the learning objectives in this section will help your students master the following standards: (6) science concepts	Conservation of momentum verbally and mathematically teacher support the learning objectives in this section will help your students master the following standards: (6) science concepts	Conservation of Momentum m54202 Conservation of Momentum d22f87ef-eae4-4e96-8335-4c506092eb93 Section Learning Objectives By the end of this section, you will be able to do the following: Describe the	high_school	1	physics	2	4	Core	7	No	Forces; Newton's Laws	Learning Objectives By the end of this section, you will be able to do the following: Describe the law of conservation of momentum verbally and mathematically Teacher Support The learning objectives in this section will help your students master the following standards: (6) Science concepts. The student knows that changes occur within a physical system and applies the laws of conservation of ene...	Problem solving; Conceptual understanding; Application	Physics	content_processing
Conservation of momentum teacher support the learning objectives in this section will help your students master the following standards: (6) science concepts	Conservation of momentum teacher support the learning objectives in this section will help your students master the following standards: (6) science concepts	Elastic and Inelastic Collisions m54209 Elastic and Inelastic Collisions ce41ca24-b8e9-4652-89c5-969fd2780918 Section Learning Objectives By the end of this section, you will be able to do the followi	high_school	1	physics	2	4	Core	8	No	Forces; Newton's Laws	Learning Objectives By the end of this section, you will be able to do the following: Distinguish between elastic and inelastic collisions Solve collision problems by applying the law of conservation of momentum Teacher Support The learning objectives in this section will help your students master the following standards: (6) Science concepts. The student knows that changes occur...	Problem solving; Conceptual understanding; Application	Physics	content_processing
Conservation of energy in terms of kinetic and potential energy perform calculations related to kinetic and potential energy	Conservation of energy in terms of kinetic and potential energy perform calculations related to kinetic and potential energy	Mechanical Energy and Conservation of Energy m54273 Mechanical Energy and Conservation of Energy b49b2df4-86b3-44a0-8da2-39b1be006cb7 Section Learning Objectives By the end of this section, you will b	high_school	1	physics	2	4	Core	9	No	Forces; Newton's Laws	Learning Objectives By the end of this section, you will be able to do the following: Explain the law of conservation of energy in terms of kinetic and potential energy Perform calculations related to kinetic and potential energy. Apply the law of conservation of energy Teacher Support The learning objectives in this section will help your students master ...	Problem solving; Conceptual understanding; Application	Physics	content_processing
Relativity	Relativity	Introduction m54277 Introduction a19303c8-a34a-42f0-824c-9d2b789de384 Special relativity explains why travel to other star systems, such as these in the Orion Nebula, is unlikely using our current lev	high_school	1	physics	3	4	Core	10	No	Electromagnetism; Classical mechanics	Understand fundamental concepts	Problem solving; Conceptual understanding; Application	Physics	content_processing
Relativity understand the postulates on which the special theory of relativity was based teacher support the learning objectives in this section will help your students master the following	Relativity understand the postulates on which the special theory of relativity was based teacher support the learning objectives in this section will help your students master the following	Postulates of Special Relativity m54280 Postulates of Special Relativity 9b86596d-b640-4477-a517-3108627f5fba Section Learning Objectives By the end of this section, you will be able to do the followi	high_school	1	physics	3	4	Core	11	No	Electromagnetism; Classical mechanics	Learning Objectives By the end of this section, you will be able to do the following: Describe the experiments and scientific problems that led Albert Einstein to develop the special theory of relativity Understand the postulates on which the special theory of relativity was based Teacher Support The learning objectives in this section will help your students master the following...	Problem solving; Conceptual understanding; Application	Physics	content_processing
Thermodynamics: Thermal Equilibrium Zeroth Law of Thermodynamics: Thermal Equilibrium Section Learning Objectives By the end of this section	Thermodynamics: Thermal Equilibrium Zeroth Law of Thermodynamics: Thermal Equilibrium Section Learning Objectives By the end of this section	Zeroth Law of Thermodynamics: Thermal Equilibrium m54302 Zeroth Law of Thermodynamics: Thermal Equilibrium cae3efc8-440a-4f61-a12e-aa4c7c9cc20a Section Learning Objectives By the end of this section, 	high_school	1	physics	3	4	Core	12	Yes	Kinematics	Learning Objectives By the end of this section, you will be able to do the following: Explain the zeroth law of thermodynamics Teacher Support The learning objectives in this section will help your students master the following standards: (6) Science concepts. The student knows that changes occur within a physical system and applies the laws of c...	Problem solving; Conceptual understanding; Application	Physics	content_processing
Thermodynamics: Thermal Energy and Work First law of Thermodynamics: Thermal Energy and Work Section Learning Objectives By the end of this section	Thermodynamics: Thermal Energy and Work First law of Thermodynamics: Thermal Energy and Work Section Learning Objectives By the end of this section	First law of Thermodynamics: Thermal Energy and Work m54305 First law of Thermodynamics: Thermal Energy and Work ab7ddcd9-932d-4ff8-b77a-eb9b24dfef39 Section Learning Objectives By the end of this sec	high_school	1	physics	3	4	Core	13	Yes	Kinematics	Learning Objectives By the end of this section, you will be able to do the following: Describe how pressure, volume, and temperature relate to one another and to work, based on the ideal gas law Describe pressure–volume work Describe the first law of thermodynamics verbally and mathematically Solve problems involving the first law of thermo...	Problem solving; Conceptual understanding; Application	Physics	content_processing
Thermodynamics: Entropy Second Law of Thermodynamics: Entropy Section Learning Objectives By the end of this section	Thermodynamics: Entropy Second Law of Thermodynamics: Entropy Section Learning Objectives By the end of this section	Second Law of Thermodynamics: Entropy m54306 Second Law of Thermodynamics: Entropy e5983fe2-b735-4109-a184-3c3e328e624b Section Learning Objectives By the end of this section, you will be able to do t	high_school	1	physics	3	4	Core	14	Yes	Kinematics	Learning Objectives By the end of this section, you will be able to do the following: Describe entropy Describe the second law of thermodynamics Solve problems involving the second law of thermodynamics Teacher Support The learning objectives in this section will help your students master the following standards: (6) Science concepts. The student knows that changes occu...	Problem solving; Conceptual understanding; Application	Physics	content_processing
Sound and Acoustics	Sound and Acoustics	Sound Interference and Resonance m54335 Sound Interference and Resonance f7e87217-8219-4ad2-b485-a5ba056170ff Section Learning Objectives By the end of this section, you will be able to do the followi	high_school	1	physics	2	4	Core	15	Yes	Waves	Learning Objectives By the end of this section, you will be able to do the following: Describe resonance and beats Define fundamental frequency and harmonic series Contrast an openpipe and closedpipe resonator Solve problems involving harmonic series and beat frequency Teacher Support The learning objectives in this section will help your students master the following standards...	Problem solving; Conceptual understanding; Application	Physics	content_processing
Light and Optics	Light and Optics	Introduction m54366 Introduction f37f9ec8-dc9c-4daa-bfab-6a167875a966 Flat, smooth surfaces reflect light to form mirror images.	high_school	1	physics	2	4	Core	16	Yes	Electromagnetism; Waves	Understand fundamental concepts	Problem solving; Conceptual understanding; Application	Physics	content_processing
Momentum	Momentum	The Dual Nature of Light m54552 The Dual Nature of Light d5593b8e-c6c6-4224-b682-2b2d56b5b7be Section Learning Objectives By the end of this section, you will be able to do the following: Describe the	high_school	1	physics	2	4	Core	17	No	Forces; Newton's Laws	Learning Objectives By the end of this section, you will be able to do the following: Describe the Compton effect Calculate the momentum of a photon Explain how photon momentum is used in solar sails Explain the particlewave duality of light Teacher Support The learning objectives in this section will help your students master the following standards:(3) Scientific processes. The student uses c...	Problem solving; Conceptual understanding; Application	Physics	content_processing
Motion Equations	Motion Equations	Motion Equations for Constant Acceleration in One Dimension m42099 Motion Equations for Constant Acceleration in One Dimension ea2bb23c-4fce-4e9d-a46b-3754125da988 Learning Objectives By the end of th	undergraduate	1	general_physics	3	4	Core	18	No	Algebra	Learning Objectives By the end of this section, you will be able to: Calculate displacement of an object that is not accelerating, given initial position and velocity. Calculate final velocity of an accelerating object, given initial velocity, acceleration, and time. Calculate displacement and final position of an accelerating object,...	Problem solving; Conceptual understanding; Application	College Physics for AP® Courses 2e	content_processing
Independence of motion to solve projectile motion problems	Independence of motion to solve projectile motion problems	Projectile Motion m42042 Projectile Motion 69062f44-56d2-4111-88ff-f599727c4ed1 Learning Objectives By the end of this section, you will be able to: Identify and explain the properties of a projectile	undergraduate	1	general_physics	3	4	Core	19	No		Learning Objectives By the end of this section, you will be able to: Identify and explain the properties of a projectile, such as acceleration due to gravity, range, maximum height, and trajectory. Determine the location and velocity of a projectile at different points in its trajectory. Apply the principle of independence of motion to solve projectile motion problems. Projectile motion is the motion of an object thr...	Problem solving; Conceptual understanding; Application	College Physics for AP® Courses 2e	content_processing
The forces that cause objects and systems to move	The forces that cause objects and systems to move	Development of Force Concept m42069 Development of Force Concept de43ae15-d1fa-4265-98f6-9820ff31a270 Learning Objectives By the end of this section, you will be able to: Understand the definition of 	undergraduate	1	general_physics	4	4	Core	20	No		Learning Objectives By the end of this section, you will be able to: Understand the definition of force. Dynamics is the study of the forces that cause objects and systems to move. To understand this, we need a working definition of force. Our intuitive definition of force—that is, a push or a pull—is a good place to start. We know that a push or pull has both magnitude and direction (therefore,...	Problem solving; Conceptual understanding; Application	College Physics for AP® Courses 2e	content_processing
Motion: Inertia Newton’s First Law of Motion: Inertia Learning Objectives By the end of this section	Motion: Inertia Newton’s First Law of Motion: Inertia Learning Objectives By the end of this section	Newton’s First Law of Motion: Inertia m42130 Newton’s First Law of Motion: Inertia e4084c4d-df8b-43d3-af14-c2ea68d59f92 Learning Objectives By the end of this section, you will be able to: Define mass	undergraduate	1	general_physics	3	4	Core	21	No		Learning Objectives By the end of this section, you will be able to: Define mass and inertia. Understand Newton's first law of motion. Experience suggests that an object at rest will remain at rest if left alone, and that an object in motion tends to slow down and stop unless some effort is made to keep it moving. What Newton’s first law of motion states, however, is the follow...	Problem solving; Conceptual understanding; Application	College Physics for AP® Courses 2e	content_processing
Motion: Concept of a System Newton’s Second Law of Motion: Concept of a System Learning Objectives By the end of this section	Motion: Concept of a System Newton’s Second Law of Motion: Concept of a System Learning Objectives By the end of this section	Newton’s Second Law of Motion: Concept of a System m42073 Newton’s Second Law of Motion: Concept of a System 8afa5bc0-8fb5-4d10-bddc-e626afef65ee Learning Objectives By the end of this section, you wi	undergraduate	1	general_physics	3	4	Core	22	No		Learning Objectives By the end of this section, you will be able to: Define net force, external force, and system. Understand Newton’s second law of motion. Apply Newton’s second law to determine the weight of an object. Newton’s second law of motion is closely related to Newton’s first law of motion. It mathematically states the cause and effect relat...	Problem solving; Conceptual understanding; Application	College Physics for AP® Courses 2e	content_processing
Motion: Symmetry in Forces Newton’s Third Law of Motion: Symmetry in Forces Learning Objectives By the end of this section	Motion: Symmetry in Forces Newton’s Third Law of Motion: Symmetry in Forces Learning Objectives By the end of this section	Newton’s Third Law of Motion: Symmetry in Forces m42074 Newton’s Third Law of Motion: Symmetry in Forces d5510a8b-a06e-4634-a63f-2ec97b293af6 Learning Objectives By the end of this section, you will b	undergraduate	1	general_physics	3	4	Core	23	No		Learning Objectives By the end of this section, you will be able to: Understand Newton's third law of motion. Apply Newton's third law to define systems and solve problems of motion. Baseball relief pitcher Mariano Rivera was so highly regarded that during his retirement year, opposing teams conducted farewell presentations when he played at their stadiums...	Problem solving; Conceptual understanding; Application	College Physics for AP® Courses 2e	content_processing
Gravitation Newton’s Universal Law of Gravitation Learning Objectives By the end of this section	Gravitation Newton’s Universal Law of Gravitation Learning Objectives By the end of this section	Newton’s Universal Law of Gravitation m42143 Newton’s Universal Law of Gravitation df3cd28b-1aba-4abc-84d7-54224fbd2a78 Learning Objectives By the end of this section, you will be able to: Explain Ear	undergraduate	1	general_physics	3	4	Core	24	No		Learning Objectives By the end of this section, you will be able to: Explain Earth’s gravitational force. Describe the gravitational effect of the Moon on Earth. Discuss weightlessness in space. Examine the Cavendish experiment What do aching feet, a falling apple, and the orbit of the Moon have in common? Each is caused by the gravitational force. Our feet are strained by supp...	Problem solving; Conceptual understanding; Application	College Physics for AP® Courses 2e	content_processing
Conservation of energy can be applied by treating the conservative forces in terms of their potential energies and any nonconservative forces in terms of the work they do	Conservation of energy can be applied by treating the conservative forces in terms of their potential energies and any nonconservative forces in terms of the work they do	Nonconservative Forces m42150 Nonconservative Forces 092ffa28-a19e-4bd7-939a-1dfef1ee2a1a Learning Objectives By the end of this section, you will be able to: Define nonconservative forces and explain	undergraduate	1	general_physics	3	4	Core	25	No	Forces; Newton's Laws	Learning Objectives By the end of this section, you will be able to: Define nonconservative forces and explain how they affect mechanical energy. Show how the principle of conservation of energy can be applied by treating the conservative forces in terms of their potential energies and any nonconservative forces in terms of the work they do. Nonconservative Forces and Friction Forces are either conservative...	Problem solving; Conceptual understanding; Application	College Physics for AP® Courses 2e	content_processing
The conservation of energy	The conservation of energy	Conservation of Energy m42151 Conservation of Energy c5adb012-fbab-41a7-b5b2-4644984097fc Learning Objectives By the end of this section, you will be able to: Explain the law of the conservation of en	undergraduate	1	general_physics	3	4	Core	26	No	Forces; Newton's Laws	Learning Objectives By the end of this section, you will be able to: Explain the law of the conservation of energy. Describe some of the many forms of energy. Define efficiency of an energy conversion process as the fraction left as useful energy or work, rather than being transformed, for example, into thermal energy. Law of Conservation of EnergyEnergy, as we have noted, is conserved, making it one of the...	Problem solving; Conceptual understanding; Application	College Physics for AP® Courses 2e	content_processing
Momentum and the relationship between momentum and force (both vector quantities) applied over a time interval	Momentum and the relationship between momentum and force (both vector quantities) applied over a time interval	Connection for AP® courses m55108 Connection for AP® courses ba6901a3-5398-42a9-83d1-d2ae8bc001fa "Each rugby player has great momentum, which will affect the outcome of their collisions with each oth	undergraduate	1	general_physics	3	4	Core	27	No	Forces; Newton's Laws	Master core concepts; Apply knowledge effectively	Problem solving; Conceptual understanding; Application	College Physics for AP® Courses 2e	content_processing
Motion in terms of momentum	Motion in terms of momentum	Linear Momentum and Force m42156 Linear Momentum and Force 93d34b53-54fb-4056-b8a5-ce22ec22321f Learning Objectives By the end of this section, you will be able to: Define linear momentum.	undergraduate	1	general_physics	3	4	Core	28	No	Forces; Newton's Laws	Learning Objectives By the end of this section, you will be able to: Define linear momentum. Explain the relationship between momentum and force. State Newton’s second law of motion in terms of momentum. Calculate momentum given mass and velocity. Linear Momentum The scientific definition of linear momentum is consistent with most people’s intuitive understanding of momentum: a large, fastmoving obje...	Problem solving; Conceptual understanding; Application	College Physics for AP® Courses 2e	content_processing
Conservation of momentum	Conservation of momentum	Conservation of Momentum m42162 Conservation of Momentum 007123e0-9db4-48bf-bd90-8976ff53a920 Learning Objectives By the end of this section, you will be able to: Describe the principle of conservatio	undergraduate	1	general_physics	3	4	Core	29	Yes	Forces; Newton's Laws	Learning Objectives By the end of this section, you will be able to: Describe the principle of conservation of momentum. Derive an expression for the conservation of momentum. Explain conservation of momentum with examples. Explain the principle of conservation of momentum as it relates to atomic and subatomic particles. Momentum is an important quantity because it is conserved. Yet it was not conserved...	Problem solving; Conceptual understanding; Application	College Physics for AP® Courses 2e	content_processing
Conservation of Energy	Conservation of Energy	Rotational Kinetic Energy: Work and Energy Revisited m42180 Rotational Kinetic Energy: Work and Energy Revisited b328b5a2-79ea-4faa-9674-8d62df2f288e Learning Objectives By the end of this section, yo	undergraduate	1	general_physics	3	4	Core	30	Yes	Newton's Laws; Forces; Algebra	Learning Objectives By the end of this section, you will be able to: Derive the equation for rotational work. Calculate rotational kinetic energy. Demonstrate the Law of Conservation of Energy. In this module, we will learn about work and energy associated with rotational motion. shows a worker using an electric grindstone propelled by a motor. Spa...	Problem solving; Conceptual understanding; Application	College Physics for AP® Courses 2e	content_processing
Conservation of angular momentum	Conservation of angular momentum	Angular Momentum and Its Conservation m42182 Angular Momentum and Its Conservation 7de5be93-09e1-4ab6-8282-bec00a3e9f3d Learning Objectives By the end of this section, you will be able to: Understand 	undergraduate	1	general_physics	3	4	Core	31	No	Forces; Newton's Laws	Learning Objectives By the end of this section, you will be able to: Understand the analogy between angular momentum and linear momentum. Observe the relationship between torque and angular momentum. Apply the law of conservation of angular momentum. Why does Earth keep on spinning? What started it spinning to begin with? And how does an ice skater manage to spin faster and fas...	Problem solving; Conceptual understanding; Application	College Physics for AP® Courses 2e	content_processing
Fluid Mechanics	Fluid Mechanics	Connection for AP® Courses m55199 Connection for AP® Courses 432b8e5e-2412-41a0-a121-9708dd3f1527 The fluid essential to all life has a beauty of its own.	undergraduate	1	general_physics	4	4	Core	32	Yes		Understand fundamental concepts	Problem solving; Conceptual understanding; Application	College Physics for AP® Courses 2e	content_processing
Pressure the in human body	Pressure the in human body	Pressures in the Body m42199 Pressures in the Body 156f6f78-a4e7-454d-a032-9b14f4223cd9 Learning Objectives By the end of this section, you will be able to: Explain the concept of pressure the in huma	undergraduate	1	general_physics	4	4	Core	33	No		Learning Objectives By the end of this section, you will be able to: Explain the concept of pressure the in human body. Explain systolic and diastolic blood pressures. Describe pressures in the eye, lungs, spinal column, bladder, and skeletal system. Pressure in the Body Next to taking a person’s temperature and weight, measuring blood pressure is the most common of all medical examinations. Control of high b...	Problem solving; Conceptual understanding; Application	College Physics for AP® Courses 2e	content_processing
The Ideal Gas Law	The Ideal Gas Law	The Ideal Gas Law m42216 The Ideal Gas Law 8f4cb076-9f5f-4a21-966e-079d768f7a98 Learning Objectives By the end of this section, you will be able to: State the ideal gas law in terms of molecules and i	undergraduate	1	general_physics	3	4	Core	34	No		Learning Objectives By the end of this section, you will be able to: State the ideal gas law in terms of molecules and in terms of moles. Use the ideal gas law to calculate pressure change, temperature change, volume change, or the number of molecules or moles in a given volume. Use Avogadro’s number to convert between number of molecules and number of moles. The air inside this hot air balloon flying over Putrajaya,...	Problem solving; Conceptual understanding; Application	College Physics for AP® Courses 2e	content_processing
Thermodynamics The First Law of Thermodynamics Learning Objectives By the end of this section	Thermodynamics The First Law of Thermodynamics Learning Objectives By the end of this section	The First Law of Thermodynamics m42232 The First Law of Thermodynamics fb11b483-b85f-4cda-bec7-4dfd136dba60 Learning Objectives By the end of this section, you will be able to: Define the first law of	undergraduate	1	general_physics	4	4	Core	35	Yes	Kinematics	Learning Objectives By the end of this section, you will be able to: Define the first law of thermodynamics. Describe how conservation of energy relates to the first law of thermodynamics. Identify instances of the first law of thermodynamics working in everyday situations, including biological metabolism. Calculate changes in the internal energy of a system, after accounting for heat tran...	Problem solving; Conceptual understanding; Application	College Physics for AP® Courses 2e	content_processing
Thermodynamics and Some Simple Processes The First Law of Thermodynamics and Some Simple Processes Learning Objectives By the end of this section	Thermodynamics and Some Simple Processes The First Law of Thermodynamics and Some Simple Processes Learning Objectives By the end of this section	The First Law of Thermodynamics and Some Simple Processes m42233 The First Law of Thermodynamics and Some Simple Processes c54309db-5b78-4a77-9e4f-61adc778cb50 Learning Objectives By the end of this s	undergraduate	1	general_physics	4	4	Core	36	Yes	Kinematics	Learning Objectives By the end of this section, you will be able to: Describe the processes of a simple heat engine. Explain the differences among the simple thermodynamic processes—isobaric, isochoric, isothermal, and adiabatic. Calculate total work done in a cyclical thermodynamic process. Beginning with the Industrial Revolution, human...	Problem solving; Conceptual understanding; Application	College Physics for AP® Courses 2e	content_processing
Thermodynamics: Heat Engines and Their Efficiency Introduction to the Second Law of Thermodynamics: Heat Engines and Their Efficiency Learning Objectives By the end of this section	Thermodynamics: Heat Engines and Their Efficiency Introduction to the Second Law of Thermodynamics: Heat Engines and Their Efficiency Learning Objectives By the end of this section	Introduction to the Second Law of Thermodynamics: Heat Engines and Their Efficiency m42234 Introduction to the Second Law of Thermodynamics: Heat Engines and Their Efficiency fd148e61-8909-46dc-be6f-4	undergraduate	1	general_physics	4	4	Core	37	Yes	Kinematics	Learning Objectives By the end of this section, you will be able to: State the expressions of the second law of thermodynamics. Calculate the efficiency and carbon dioxide emission of a coalfired electricity plant, using second law characteristics. Describe and define the Otto cycle. Th...	Problem solving; Conceptual understanding; Application	College Physics for AP® Courses 2e	content_processing
Thermodynamics Restated Carnot’s Perfect Heat Engine: The Second Law of Thermodynamics Restated Learning Objectives By the end of this section	Thermodynamics Restated Carnot’s Perfect Heat Engine: The Second Law of Thermodynamics Restated Learning Objectives By the end of this section	Carnot’s Perfect Heat Engine: The Second Law of Thermodynamics Restated m42235 Carnot’s Perfect Heat Engine: The Second Law of Thermodynamics Restated 2f8e92ba-f6a4-4fae-9228-64fd959894d8 Learning Obj	undergraduate	1	general_physics	4	4	Core	38	Yes	Kinematics	Learning Objectives By the end of this section, you will be able to: Identify a Carnot cycle. Calculate maximum theoretical efficiency of a nuclear reactor. Explain how dissipative processes affect the ideal Carnot engine. This novelty toy, known as the drinking bird, is an example of Carnot’s engine. It contai...	Problem solving; Conceptual understanding; Application	College Physics for AP® Courses 2e	content_processing
Thermodynamics: Disorder and the Unavailability of Energy Entropy and the Second Law of Thermodynamics: Disorder and the Unavailability of Energy Learning Objectives By the end of this section	Thermodynamics: Disorder and the Unavailability of Energy Entropy and the Second Law of Thermodynamics: Disorder and the Unavailability of Energy Learning Objectives By the end of this section	Entropy and the Second Law of Thermodynamics: Disorder and the Unavailability of Energy m42237 Entropy and the Second Law of Thermodynamics: Disorder and the Unavailability of Energy 15a50194-9cf1-484	undergraduate	1	general_physics	4	4	Core	39	Yes	Kinematics	Learning Objectives By the end of this section, you will be able to: Define entropy and calculate the increase of entropy in a system with reversible and irreversible processes. Explain the expected fate of the universe in entropic terms. Calculate the increasing disorder of a sy...	Problem solving; Conceptual understanding; Application	College Physics for AP® Courses 2e	content_processing
Thermodynamics: The Underlying Explanation Statistical Interpretation of Entropy and the Second Law of Thermodynamics: The Underlying Explanation Learning Objectives By the end of this section	Thermodynamics: The Underlying Explanation Statistical Interpretation of Entropy and the Second Law of Thermodynamics: The Underlying Explanation Learning Objectives By the end of this section	Statistical Interpretation of Entropy and the Second Law of Thermodynamics: The Underlying Explanation m42238 Statistical Interpretation of Entropy and the Second Law of Thermodynamics: The Underlying	undergraduate	1	general_physics	4	4	Core	40	Yes	Kinematics	Learning Objectives By the end of this section, you will be able to: Identify probabilities in entropy. Analyze statistical probabilities in entropic systems. When you toss a coin a large number of times, heads and tails tend to come up in roughly eq...	Problem solving; Conceptual understanding; Application	College Physics for AP® Courses 2e	content_processing
Motion with respect to stress and deformation	Motion with respect to stress and deformation	Hooke’s Law: Stress and Strain Revisited m42240 Hooke’s Law: Stress and Strain Revisited a7c21260-3cf9-49cc-91f7-b631fa0c5d42 Learning Objectives By the end of this section, you will be able to: Expla	undergraduate	1	general_physics	3	4	Core	41	No		Learning Objectives By the end of this section, you will be able to: Explain Newton’s third law of motion with respect to stress and deformation. Describe the restoration of force and displacement. Calculate the energy in Hooke’s Law of deformation, and the stored energy in a spring. When displaced from its vertical equilibrium position, this plastic ruler oscillates back...	Problem solving; Conceptual understanding; Application	College Physics for AP® Courses 2e	content_processing
Conservation of charge	Conservation of charge	Static Electricity and Charge: Conservation of Charge m42300 Static Electricity and Charge: Conservation of Charge bb7dc37b-5a71-4f4d-b83f-524e0f1b3c74 Learning Objectives By the end of this section, 	undergraduate	1	general_physics	3	4	Core	42	Yes		Learning Objectives By the end of this section, you will be able to: Define electric charge, and describe how the two types of charge interact. Describe three common situations that generate static electricity. State the law of conservation of charge. Borneo amber was mined in Sabah, Malaysia, from shalesandstonemudstone veins. When a piece of ...	Problem solving; Conceptual understanding; Application	College Physics for AP® Courses 2e	content_processing
A field revisited electric field: concept of a field revisited learning objectives by the end of this section	A field revisited electric field: concept of a field revisited learning objectives by the end of this section	Electric Field: Concept of a Field Revisited m42310 Electric Field: Concept of a Field Revisited db918015-7645-42cf-8bf7-64d09ad7b838 Learning Objectives By the end of this section, you will be able t	undergraduate	1	general_physics	3	4	Core	43	Yes		Learning Objectives By the end of this section, you will be able to: Describe a force field and calculate the strength of an electric field due to a point charge. Calculate the force exerted on a test charge by an electric field. Explain the relationship between electrical force (F) on a test charge and electrical field strength (E). Contact forces, such as betwee...	Problem solving; Conceptual understanding; Application	College Physics for AP® Courses 2e	content_processing
Resistivity	Resistivity	Resistance and Resistivity m42346 Resistance and Resistivity a5e2058d-3bf0-4538-9e0d-d72e24a9acfd Learning Objectives By the end of this section, you will be able to: Explain the concept of resistivit	undergraduate	1	general_physics	3	4	Core	44	No		Learning Objectives By the end of this section, you will be able to: Explain the concept of resistivity. Use resistivity to calculate the resistance of specified configurations of material. Use the thermal coefficient of resistivity to calculate the change of resistance with temperature. Material and Shape Dependence of Resistance The resistance of an object depends on its shape and the material of ...	Problem solving; Conceptual understanding; Application	College Physics for AP® Courses 2e	content_processing
Induction: Lenz’s Law Faraday’s Law of Induction: Lenz’s Law Learning Objectives By the end of this section	Induction: Lenz’s Law Faraday’s Law of Induction: Lenz’s Law Learning Objectives By the end of this section	Faraday’s Law of Induction: Lenz’s Law m42392 Faraday’s Law of Induction: Lenz’s Law c0672c45-1220-426e-b160-c859b879567d Learning Objectives By the end of this section, you will be able to: Calculate	undergraduate	1	general_physics	3	4	Core	45	Yes		Learning Objectives By the end of this section, you will be able to: Calculate emf, current, and magnetic fields using Faraday’s Law. Explain the physical results of Lenz’s Law Faraday’s and Lenz’s Law Faraday’s experiments showed that the emf induced by a change in magnetic flux depends on only a few factors. First, emf is directly proportional to the change in flux ΔΦ. Seco...	Problem solving; Conceptual understanding; Application	College Physics for AP® Courses 2e	content_processing
Reflection The Law of Reflection Learning Objectives By the end of this section	Reflection The Law of Reflection Learning Objectives By the end of this section	The Law of Reflection m42456 The Law of Reflection 60b4727b-829e-4ea7-9238-9140b6a1b20c Learning Objectives By the end of this section, you will be able to: Explain reflection of light from polished a	undergraduate	1	general_physics	3	4	Core	46	No		Learning Objectives By the end of this section, you will be able to: Explain reflection of light from polished and rough surfaces. Whenever we look into a mirror, or squint at sunlight glinting from a lake, we are seeing a reflection. When you look at this page, too, you are seeing light reflected from it. Large telescopes use reflection to form an image of stars and other astronomical objects. The law of ref...	Problem solving; Conceptual understanding; Application	College Physics for AP® Courses 2e	content_processing
Refraction The Law of Refraction Learning Objectives By the end of this section	Refraction The Law of Refraction Learning Objectives By the end of this section	The Law of Refraction m42459 The Law of Refraction 18eef263-8513-4954-bcc8-07aa263f0a50 Learning Objectives By the end of this section, you will be able to: Determine the index of refraction, given th	undergraduate	1	general_physics	3	4	Core	47	No		Learning Objectives By the end of this section, you will be able to: Determine the index of refraction, given the speed of light in a medium. It is easy to notice some odd things when looking into a fish tank. For example, you may see the same fish appearing to be in two different places. (See .) This is because light coming from the fish to us changes direction when it leaves the tank, and in this case, it c...	Problem solving; Conceptual understanding; Application	College Physics for AP® Courses 2e	content_processing
Color vision	Color vision	Color and Color Vision m42487 Color and Color Vision d42c807d-a9fa-4e3d-83d0-0f7c745b51a0 Learning Objectives By the end of this section, you will be able to: Explain the simple theory of color vision	undergraduate	1	general_physics	3	4	Core	48	No		Learning Objectives By the end of this section, you will be able to: Explain the simple theory of color vision. Outline the coloring properties of light sources. Describe the retinex theory of color vision. The gift of vision is made richer by the existence of color. Objects and lights abound with thousands of hues that stimulate our eyes, brains, and emotions. Two basic questions are addressed in this brie...	Problem solving; Conceptual understanding; Application	College Physics for AP® Courses 2e	content_processing
Surfaces and thin films	Surfaces and thin films	Connection for AP® Courses m55362 Connection for AP® Courses dd022261-4c68-44af-9c2c-abf8bdc8ec2a Katharine Burr Blodgett (1898–1979) was a physicist and chemist who made significant advancements in t	undergraduate	1	general_physics	4	4	Core	49	No		Apply principles to real-world situations	Problem solving; Conceptual understanding; Application	College Physics for AP® Courses 2e	content_processing
Particle-wave duality	Particle-wave duality	The Particle-Wave Duality Reviewed m42581 The Particle-Wave Duality Reviewed 3b84d6ab-1291-4e6a-8510-7772c0de699e Learning Objectives By the end of this section, you will be able to: Explain the conce	undergraduate	1	general_physics	4	4	Core	50	Yes		Learning Objectives By the end of this section, you will be able to: Explain the concept of particlewave duality, and its scope. Particlewave duality—the fact that all particles have wave properties—is one of the cornerstones of quantum mechanics. We first came across it in the treatment of photons, those particles of EM radiation that exhibit both particle and wave properties, but...	Problem solving; Conceptual understanding; Application	College Physics for AP® Courses 2e	content_processing
The hydrogen atom bohr’s theory of the hydrogen atom learning objectives by the end of this section	The hydrogen atom bohr’s theory of the hydrogen atom learning objectives by the end of this section	Bohr’s Theory of the Hydrogen Atom m42596 Bohr’s Theory of the Hydrogen Atom 9a2ad24a-bdd0-4aa8-a99c-36ba54ec0f1f Learning Objectives By the end of this section, you will be able to: Describe the myst	undergraduate	1	general_physics	3	4	Core	51	Yes		Learning Objectives By the end of this section, you will be able to: Describe the mysteries of atomic spectra. Explain Bohr’s theory of the hydrogen atom. Explain Bohr’s planetary model of the atom. Illustrate energy state using the energylevel diagram. Describe the triumphs and limits of Bohr’s theory. The great Danish physicist Niels Bohr (1885–1962) made immediate use of Rutherfo...	Problem solving; Conceptual understanding; Application	College Physics for AP® Courses 2e	content_processing
The Pauli Exclusion Principle	The Pauli Exclusion Principle	The Pauli Exclusion Principle m42618 The Pauli Exclusion Principle 506a4bfc-5522-4aa6-9b9c-0e7e2325dda0 Learning Objectives By the end of this section, you will be able to: Define the composition of a	undergraduate	1	general_physics	3	4	Core	52	No		Learning Objectives By the end of this section, you will be able to: Define the composition of an atom along with its electrons, neutrons, and protons. Explain the Pauli exclusion principle and its application to the atom. Specify the shell and subshell symbols and their positions. Define the position of electrons in different shells of an atom. State the position of each element in the period...	Problem solving; Conceptual understanding; Application	College Physics for AP® Courses 2e	content_processing
A geiger tube	A geiger tube	Radiation Detection and Detectors m42627 Radiation Detection and Detectors 030f371f-df0f-44f0-b7bf-1a8c8733ae0c Learning Objectives By the end of this section, you will be able to: Explain the working	undergraduate	1	general_physics	3	4	Core	53	No		Learning Objectives By the end of this section, you will be able to: Explain the working principle of a Geiger tube. Define and discuss radiation detectors. It is well known that ionizing radiation affects us but does not trigger nerve impulses. Newspapers carry stories about unsuspecting victims of radiation poisoning who fall ill with radiation sickness, such as burns and blood count...	Problem solving; Conceptual understanding; Application	College Physics for AP® Courses 2e	content_processing
Biological Effects	Biological Effects	Biological Effects of Ionizing Radiation m42652 Biological Effects of Ionizing Radiation 1c813e42-c4bd-406c-900e-82faf8875592 Learning Objectives By the end of this section, you will be able to: Defin	undergraduate	1	general_physics	3	4	Core	54	No		Learning Objectives By the end of this section, you will be able to: Define various units of radiation. Describe RBE. We hear many seemingly contradictory things about the biological effects of ionizing radiation. It can cause cancer, burns, and hair loss, yet it is used to treat and even cure cancer. How do we understand these effects? Once again, there is an underlying ...	Problem solving; Conceptual understanding; Application	College Physics for AP® Courses 2e	content_processing
A cyclotron	A cyclotron	Accelerators Create Matter from Energy m42718 Accelerators Create Matter from Energy 6b2a5350-490f-4468-93d4-e201a6ba4c4a Learning Objectives By the end of this section, you will be able to: State the	undergraduate	1	general_physics	3	4	Core	55	No		Learning Objectives By the end of this section, you will be able to: State the principle of a cyclotron. Explain the principle of a synchrotron. Describe the voltage needed by an accelerator between accelerating tubes. State Fermilab’s accelerator principle. Before looking at all the particles we now know about, let us examine some of the machines that created them. The funda...	Problem solving; Conceptual understanding; Application	College Physics for AP® Courses 2e	content_processing
Refraction in problem solving you may often notice some odd things when looking into a fish tank	Refraction in problem solving you may often notice some odd things when looking into a fish tank	Refraction m58510 Refraction By the end of this section, you will be able to: Describe how rays change direction upon entering a medium Apply the law of refraction in problem solving 426d336a-9fe9-439	undergraduate	1	general_physics	3	4	Core	56	No		Understand fundamental concepts; Apply principles to real-world situations	Problem solving; Conceptual understanding; Application	College Physics for AP® Courses 2e	content_processing
Reflection use huygens’s principle to explain the law of refraction use huygens’s principle to explain diffraction so far in this chapter	Reflection use huygens’s principle to explain the law of refraction use huygens’s principle to explain diffraction so far in this chapter	Huygens’s Principle m58523 Huygens’s Principle By the end of this section, you will be able to: Describe Huygens’s principle Use Huygens’s principle to explain the law of reflection Use Huygens’s prin	undergraduate	1	general_physics	3	4	Core	57	No		Understand fundamental concepts; Apply principles to real-world situations	Problem solving; Conceptual understanding; Application	College Physics for AP® Courses 2e	content_processing
Special relativity addressed	Special relativity addressed	Invariance of Physical Laws m58556 Invariance of Physical Laws By the end of this section, you will be able to: Describe the theoretical and experimental issues that Einstein’s theory of special relat	undergraduate	1	general_physics	4	4	Core	58	No	Electromagnetism; Trigonometry; Classical mechanics	Perform calculations and solve problems; Understand fundamental concepts; Apply principles to real-world situations	Problem solving; Conceptual understanding; Application	College Physics for AP® Courses 2e	content_processing
Special relativity and the concept of a light quantum	Special relativity and the concept of a light quantum	The Compton Effect m58763 The Compton Effect By the end of this section, you will be able to: Describe Compton’s experiment Explain the Compton wavelength shift Describe how experiments with X-rays co	undergraduate	1	general_physics	4	4	Core	59	No	Electromagnetism; Classical mechanics	Understand fundamental concepts	Problem solving; Conceptual understanding; Application	College Physics for AP® Courses 2e	content_processing
The hydrogen atom describe the davisson–germer experiment interpret de broglie’s idea of matter waves and how they account for electron diffraction phenomena compton’s formula e	The hydrogen atom describe the davisson–germer experiment interpret de broglie’s idea of matter waves and how they account for electron diffraction phenomena compton’s formula e	De Broglie’s Matter Waves m58765 De Broglie’s Matter Waves By the end of this section, you will be able to: Describe de Broglie’s hypothesis of matter waves Explain how the de Broglie’s hypothesis giv	undergraduate	1	general_physics	4	4	Core	60	Yes	Energy; Oscillations	Understand fundamental concepts	Problem solving; Conceptual understanding; Application	College Physics for AP® Courses 2e	content_processing
Atomic spectra provides	Atomic spectra provides	Atomic Spectra and X-rays m58590 Atomic Spectra and X-rays By the end of this section, you will be able to: Describe the absorption and emission of radiation in terms of atomic energy levels and energ	undergraduate	1	general_physics	5	4	Core	61	Yes	Electromagnetism; Quantum mechanics	Understand fundamental concepts; Apply principles to real-world situations	Problem solving; Conceptual understanding; Application	College Physics for AP® Courses 2e	content_processing
Hybridization quantum mechanics has been extrao	Hybridization quantum mechanics has been extrao	Types of Molecular Bonds m58592 Types of Molecular Bonds By the end of this section, you will be able to: Distinguish between the different types of molecular bonds Determine the dissociation energy o	undergraduate	1	general_physics	4	4	Core	62	Yes	Atomic structure; Waves; Classical mechanics	Understand fundamental concepts	Problem solving; Conceptual understanding; Application	College Physics for AP® Courses 2e	content_processing
Solids Band Theory of Solids By the end of this section	Solids Band Theory of Solids By the end of this section	Band Theory of Solids m58599 Band Theory of Solids By the end of this section, you will be able to: Describe two main approaches to determining the energy levels of an electron in a crystal Explain th	undergraduate	1	general_physics	3	4	Core	63	No		Understand fundamental concepts	Problem solving; Conceptual understanding; Application	College Physics for AP® Courses 2e	content_processing
Superconductivity determine the critical magnetic field for t = 0 k from magnetic field data calculate the maximum emf or current for a wire to remain superconducting electrical resistance can be considered as a measure of the frictional force in electrical current flow	Superconductivity determine the critical magnetic field for t = 0 k from magnetic field data calculate the maximum emf or current for a wire to remain superconducting electrical resistance can be considered as a measure of the frictional force in electrical current flow	Superconductivity m58602 Superconductivity By the end of this section, you will be able to: Describe the main features of a superconductor Describe the BCS theory of superconductivity Determine the cr	undergraduate	1	general_physics	3	4	Core	64	Yes		Perform calculations and solve problems; Understand fundamental concepts	Problem solving; Conceptual understanding; Application	College Physics for AP® Courses 2e	content_processing
Particle Conservation Laws	Particle Conservation Laws	Particle Conservation Laws m58770 Particle Conservation Laws By the end of this section, you will be able to: Distinguish three conservation laws: baryon number, lepton number, and strangeness Use rul	undergraduate	1	general_physics	3	4	Core	65	No		Apply principles to real-world situations	Problem solving; Conceptual understanding; Application	College Physics for AP® Courses 2e	content_processing
Gravitational lensing to explain astronomical phenomena provide evidence of the big bang in terms of cosmic background radiation distinguish between dark matter and dark energy in the previous section	Gravitational lensing to explain astronomical phenomena provide evidence of the big bang in terms of cosmic background radiation distinguish between dark matter and dark energy in the previous section	Evolution of the Early Universe m58776 Evolution of the Early Universe By the end of this section, you will be able to: Describe the evolution of the early universe in terms of the four fundamental fo	undergraduate	1	general_physics	4	4	Core	66	No	Forces; Newton's Laws	Understand fundamental concepts; Apply principles to real-world situations	Problem solving; Conceptual understanding; Application	College Physics for AP® Courses 2e	content_processing
Gravitation and kepler’s laws describe the motions of earth satellites and interplanetary spacecraft as well as the planets	Gravitation and kepler’s laws describe the motions of earth satellites and interplanetary spacecraft as well as the planets	Motions of Satellites and Spacecraft m59779 Motions of Satellites and Spacecraft b5a9fa3d-f23f-4c86-9ed9-50bfc39fd05b Learning Objectives By the end of this section, you will be able to: Explain how a	undergraduate	1	astronomy	3	4	Core	67	No		Learning Objectives By the end of this section, you will be able to: Explain how an object (such as a satellite) can be put into orbit around Earth Explain how an object (such as a planetary probe) can escape from orbit Newton’s universal law of gravitation and Kepler’s laws describe the motions of Earth satellites and interplanetary spacecraft as well as the planets. Sputnik, th...	Problem solving; Conceptual understanding; Application	Astronomy 2e	content_processing
Energy levels for t	Energy levels for t	Formation of Spectral Lines m59795 Formation of Spectral Lines 9d3d546b-fc92-410c-a9cc-5e084fdb4b62 Learning Objectives By the end of this section, you will be able to: Explain how emission line spect	undergraduate	1	astronomy	3	4	Core	68	No	Forces; Newton's Laws	Learning Objectives By the end of this section, you will be able to: Explain how emission line spectra and absorption line spectra are formed Describe what ions are and how they are formed Explain how spectral lines and ionization levels in a gas can help us determine its temperature We can use Bohr’s model of the atom to understand how spectral lines are formed. The concept of energy levels for t...	Problem solving; Conceptual understanding; Application	Astronomy 2e	content_processing
The Doppler Effect	The Doppler Effect	The Doppler Effect m59799 The Doppler Effect 9d6442f2-71bf-4ed3-9a37-1723bb846e0e Learning Objectives By the end of this section, you will be able to: Explain why the spectral lines of photons we obse	undergraduate	1	astronomy	3	4	Core	69	No		Learning Objectives By the end of this section, you will be able to: Explain why the spectral lines of photons we observe from an object will change as a result of the object’s motion toward or away from us Describe how we can use the Doppler effect to deduce how fast astronomical objects are moving through space The last two sections introduced you to many new concepts, and we hope that through those, you have see...	Problem solving; Conceptual understanding; Application	Astronomy 2e	content_processing
Plate tectonics describe the difference between rift and subduction zones describe the relationship between fault zones and mountain building explain the various types of volcanic activity occurring on earth let us now examine our planet’s outer layers in more detail	Plate tectonics describe the difference between rift and subduction zones describe the relationship between fault zones and mountain building explain the various types of volcanic activity occurring on earth let us now examine our planet’s outer layers in more detail	Earth’s Crust m59826 Earth’s Crust 06448fca-ae6c-4146-a3e1-b13d8c765c63 Learning Objectives By the end of this section, you will be able to: Denote the primary types of rock that constitute Earth’s cr	undergraduate	1	astronomy	3	4	Core	70	No		Learning Objectives By the end of this section, you will be able to: Denote the primary types of rock that constitute Earth’s crust Explain the theory of plate tectonics Describe the difference between rift and subduction zones Describe the relationship between fault zones and mountain building Explain the various types of volcanic activity occurring on Earth Let us now examine our planet’s outer layers in more detail. Earth...	Problem solving; Conceptual understanding; Application	Astronomy 2e	content_processing
How the moon formed ideas for the origin of the moon it is characteristic of modern science to ask how things originated	How the moon formed ideas for the origin of the moon it is characteristic of modern science to ask how things originated	The Origin of the Moon m59834 The Origin of the Moon f11291b8-079b-49fa-a302-4139c51133f9 Learning Objectives By the end of this section, you will be able to: Describe the top three early hypotheses o	undergraduate	1	astronomy	3	4	Core	71	No		Learning Objectives By the end of this section, you will be able to: Describe the top three early hypotheses of the formation of the Moon Summarize the current “giant impact” concept of how the Moon formed Ideas for the Origin of the Moon It is characteristic of modern science to ask how things originated. Understanding the origin of the Moon has proven to be challenging for planetary scientists, however. P...	Problem solving; Conceptual understanding; Application	Astronomy 2e	content_processing
Craters on venus tells us about the age of its surface compare tectonic activity and volcanoes on venus with those of earth explain why the surface of venus is inhospitable to human life since venus has about the same size and composition as earth	Craters on venus tells us about the age of its surface compare tectonic activity and volcanoes on venus with those of earth explain why the surface of venus is inhospitable to human life since venus has about the same size and composition as earth	The Geology of Venus m59838 The Geology of Venus e10c1a16-d06c-4057-8813-29ae446efe94 Learning Objectives By the end of this section, you will be able to: Describe the general features of the surface 	undergraduate	1	astronomy	4	4	Core	72	No		Learning Objectives By the end of this section, you will be able to: Describe the general features of the surface of Venus Explain what the study of craters on Venus tells us about the age of its surface Compare tectonic activity and volcanoes on Venus with those of Earth Explain why the surface of Venus is inhospitable to human life Since Venus has about the same size and composition as Earth, we might expect ...	Problem solving; Conceptual understanding; Application	Astronomy 2e	content_processing
Meteorites informs our understanding of the age of the solar system	Meteorites informs our understanding of the age of the solar system	Meteorites: Stones from Heaven m59872 Meteorites: Stones from Heaven b8fcd786-2d2e-415f-8ce8-a61442d8e6b9 Learning Objectives By the end of this section, you will be able to: Explain the origin of met	undergraduate	1	astronomy	4	4	Core	73	No		Learning Objectives By the end of this section, you will be able to: Explain the origin of meteorites and the difference between a meteor and a meteorite Describe how most meteorites have been found Explain how primitive stone meteorites are significantly different from other types Explain how the study of meteorites informs our understanding of the age of the solar system. Any fragment of i...	Problem solving; Conceptual understanding; Application	Astronomy 2e	content_processing
Solar system formation summarize the physical and chemical changes during the solar nebula stage of solar system formation explain the formation process of the terrestrial and giant planets describe the main events of the further evolution of	Solar system formation summarize the physical and chemical changes during the solar nebula stage of solar system formation explain the formation process of the terrestrial and giant planets describe the main events of the further evolution of	Formation of the Solar System m59873 Formation of the Solar System d3960789-d139-4c88-870e-982093388aa6 Learning Objectives By the end of this section, you will be able to: Describe the motion, chemic	undergraduate	1	astronomy	3	4	Core	74	No		Learning Objectives By the end of this section, you will be able to: Describe the motion, chemical, and age constraints that must be met by any theory of solar system formation Summarize the physical and chemical changes during the solar nebula stage of solar system formation Explain the formation process of the terrestrial and giant planets Describe the main events of the further evolution of...	Problem solving; Conceptual understanding; Application	Astronomy 2e	content_processing
Conservation of energy explain ways that energy can be transformed energy is a challenging concept to grasp because it exists in so many different forms that it defies any single simple explanation	Conservation of energy explain ways that energy can be transformed energy is a challenging concept to grasp because it exists in so many different forms that it defies any single simple explanation	Sources of Sunshine: Thermal and Gravitational Energy m59895 Sources of Sunshine: Thermal and Gravitational Energy 0ac646fb-3bf3-498e-a911-c80b917508a4 Learning Objectives By the end of this section, 	undergraduate	1	astronomy	3	4	Core	75	No	Forces; Newton's Laws	Learning Objectives By the end of this section, you will be able to: Identify different forms of energy Understand the law of conservation of energy Explain ways that energy can be transformed Energy is a challenging concept to grasp because it exists in so many different forms that it defies any single simple explanation. In many ways, comprehen...	Problem solving; Conceptual understanding; Application	Astronomy 2e	content_processing
Relativity Mass	Relativity Mass	Mass, Energy, and the Theory of Relativity m59886 Mass, Energy, and the Theory of Relativity 48c2dc44-40da-465e-b524-0adefbbc1490 Learning Objectives By the end of this section, you will be able to: E	undergraduate	1	astronomy	4	4	Core	76	Yes	Electromagnetism; Classical mechanics	Learning Objectives By the end of this section, you will be able to: Explain how matter can be converted into energy Describe the particles that make up atoms Describe the nucleus of an atom Understand the nuclear forces that hold atoms together Trace the nuclear reactions in the solar interior As we have seen, energy cannot be created or destroyed, but only converted...	Problem solving; Conceptual understanding; Application	Astronomy 2e	content_processing
Triangulating distances to distant objects	Triangulating distances to distant objects	Surveying the Stars m59905 Surveying the Stars e7866b9e-59bd-4e63-a285-58320ddaf41c Learning Objectives By the end of this section, you will be able to: Understand the concept of triangulating distanc	undergraduate	1	astronomy	3	4	Core	77	No		Learning Objectives By the end of this section, you will be able to: Understand the concept of triangulating distances to distant objects, including stars Explain why spacebased satellites deliver more precise distances than groundbased methods Discuss astronomers’ efforts to determine the distance of the stars closest to the Sun It is an enormous step to go from the planets to the stars. For example, our Voyag...	Problem solving; Conceptual understanding; Application	Astronomy 2e	content_processing
The universe let’s briefly review the key reasons that measuring distances to the stars is such a struggle	The universe let’s briefly review the key reasons that measuring distances to the stars is such a struggle	Variable Stars: One Key to Cosmic Distances m59906 Variable Stars: One Key to Cosmic Distances bdd59622-7b70-46bd-948f-3651c94d230b Learning Objectives By the end of this section, you will be able to:	undergraduate	1	astronomy	4	4	Core	78	No	Algebra	Learning Objectives By the end of this section, you will be able to: Describe how some stars vary their light output and why such stars are important Explain the importance of pulsating variable stars, such as cepheids and RR Lyraetype stars, to our study of the universe Let’s briefly review the key reasons that measuring distances to the stars is such a struggle. ...	Problem solving; Conceptual understanding; Application	Astronomy 2e	content_processing
Relativity recognize that one’s experiences of gravity and acceleration are interchangeable and indistinguishable distinguish between newtonian ideas of gravity and einsteinian ideas of gravity recognize why the general theory of relativity is necessary for understandin	Relativity recognize that one’s experiences of gravity and acceleration are interchangeable and indistinguishable distinguish between newtonian ideas of gravity and einsteinian ideas of gravity recognize why the general theory of relativity is necessary for understandin	Introducing General Relativity m59939 Introducing General Relativity 87febba0-f4df-4096-b9f6-a13ed65deb0f Learning Objectives By the end of this section, you will be able to: Discuss some of the key i	undergraduate	1	astronomy	4	4	Core	79	No	Electromagnetism; Classical mechanics	Learning Objectives By the end of this section, you will be able to: Discuss some of the key ideas of the general theory of relativity Recognize that one’s experiences of gravity and acceleration are interchangeable and indistinguishable Distinguish between Newtonian ideas of gravity and Einsteinian ideas of gravity Recognize why the general theory of relativity is necessary for understandin...	Problem solving; Conceptual understanding; Application	Astronomy 2e	content_processing
The gravitational force between two massive objects and einstein’s concept of warped spacetime are different explanations for the same observed accelerations of one massive object in the presence of another m	The gravitational force between two massive objects and einstein’s concept of warped spacetime are different explanations for the same observed accelerations of one massive object in the presence of another m	Spacetime and Gravity m59940 Spacetime and Gravity 3ce9d47d-1953-4522-ad16-0a8c17b4cf92 Learning Objectives By the end of this section, you will be able to: Describe Einstein’s view of gravity as the 	undergraduate	1	astronomy	3	4	Core	80	No		Learning Objectives By the end of this section, you will be able to: Describe Einstein’s view of gravity as the warping of spacetime in the presence of massive objects Understand that Newton’s concept of the gravitational force between two massive objects and Einstein’s concept of warped spacetime are different explanations for the same observed accelerations of one massive object in the presence of another m...	Problem solving; Conceptual understanding; Application	Astronomy 2e	content_processing
Warped spacetime near a black hole to track what happens to any object that might fall into a black hole recognize why the concept of a singularity—with i	Warped spacetime near a black hole to track what happens to any object that might fall into a black hole recognize why the concept of a singularity—with i	Black Holes m59943 Black Holes 366e559d-50aa-4678-b615-bc6f4f06e5cc Learning Objectives By the end of this section, you will be able to: Explain the event horizon surrounding a black hole Discuss why 	undergraduate	1	astronomy	3	4	Core	81	No		Learning Objectives By the end of this section, you will be able to: Explain the event horizon surrounding a black hole Discuss why the popular notion of black holes as great sucking monsters that can ingest material at great distances from them is erroneous Use the concept of warped spacetime near a black hole to track what happens to any object that might fall into a black hole Recognize why the concept of a singularity—with i...	Problem solving; Conceptual understanding; Application	Astronomy 2e	content_processing
Newton's Laws	Newton's Laws	Introduction m54144 Introduction 438c5976-3406-42c5-a216-fe7463df48ad Newton’s laws of motion describe the motion of the dolphin’s path.	high_school	1	physics	2	4	Core	82	No		Understand fundamental concepts	Problem solving; Conceptual understanding; Application	Physics	content_processing
Dynamics	Dynamics	Force m54135 Force 47f50c14-db77-440c-a178-464af55ae244 Section Learning Objectives By the end of this section, you will be able to do the following: Differentiate between force, net force, and dynami	high_school	1	physics	3	4	Core	83	No	Kinematics	Learning Objectives By the end of this section, you will be able to do the following: Differentiate between force, net force, and dynamics Draw a freebody diagram Teacher Support The learning objectives in this section will help your students master the following standards: (4) Science concepts. The student knows and applies the laws governing motion in a variety of situations. The student is expected to: (C) analyze and describe a...	Problem solving; Conceptual understanding; Application	Physics	content_processing
Oscillations	Oscillations	Simple Harmonic Motion m54154 Simple Harmonic Motion 152f919d-2391-4bf3-85ae-432e63f80468 Section Learning Objectives By the end of this section, you will be able to do the following: Describe Hooke’s	high_school	1	physics	2	4	Core	84	No	Energy; Forces	Learning Objectives By the end of this section, you will be able to do the following: Describe Hooke’s law and Simple Harmonic Motion Describe periodic motion, oscillations, amplitude, frequency, and period Solve problems in simple harmonic motion involving springs and pendulums Teacher Support The learning objectives in this section will help your students master the following standards: (7) Scienc...	Problem solving; Conceptual understanding; Application	Physics	content_processing
Forces	Forces	Uniform Circular Motion m54181 Uniform Circular Motion ebda9705-aec8-45ec-8ee6-b4f52e9664c0 Section Learning Objectives By the end of this section, you will be able to do the following: Describe centr	high_school	1	physics	2	4	Core	85	No		Learning Objectives By the end of this section, you will be able to do the following: Describe centripetal acceleration and relate it to linear acceleration Describe centripetal force and relate it to linear force Solve problems involving centripetal acceleration and centripetal force Teacher Support The learning objectives in this section will help your students master the following standards: (4...	Problem solving; Conceptual understanding; Application	Physics	content_processing
Kinematics	Kinematics	Rotational Motion m54180 Rotational Motion 0807ecd4-619a-4540-b58a-f38b43b09fff Section Learning Objectives By the end of this section, you will be able to do the following: Describe rotational kinema	high_school	1	physics	2	4	Core	86	No	Algebra	Learning Objectives By the end of this section, you will be able to do the following: Describe rotational kinematic variables and equations and relate them to their linear counterparts Describe torque and lever arm Solve problems involving torque and rotational kinematics Teacher Support The learning objectives in this section will help your students master the following standards: (4) Science concepts. The s...	Problem solving; Conceptual understanding; Application	Physics	content_processing
Universal Gravitation and Einstein's Theory of General Relativity Newton's Law of Universal Gravitation and Einstein's Theory of General Relativity Section Learning Objectives By the end of this section	Universal Gravitation and Einstein's Theory of General Relativity Newton's Law of Universal Gravitation and Einstein's Theory of General Relativity Section Learning Objectives By the end of this section	Newton's Law of Universal Gravitation and Einstein's Theory of General Relativity m54189 Newton's Law of Universal Gravitation and Einstein's Theory of General Relativity cef1f320-df42-4181-af2b-bd17b	high_school	1	physics	3	4	Core	87	No	Electromagnetism; Classical mechanics	Learning Objectives By the end of this section, you will be able to do the following: Explain Newton’s law of universal gravitation and compare it to Einstein’s theory of general relativity Perform calculations using Newton’s law of universal gravitation Teacher Support The learning ...	Problem solving; Conceptual understanding; Application	Physics	content_processing
Energy and Work	Energy and Work	Introduction m54268 Introduction 2c3118ee-1433-437d-89f2-be43c5855452 Teacher Support Physics learning objectives come from 112.39 (c) Knowledge and Skills People on a roller coaster experience thrill	high_school	1	physics	2	4	Core	88	No	Forces; Newton's Laws	Apply principles to real-world situations	Problem solving; Conceptual understanding; Application	Physics	content_processing
Waves	Waves	Introduction m54312 Introduction 528952d9-881d-4abf-b3bc-d2d0210bf5f1 Waves in the ocean behave similarly to all other types of waves.	high_school	1	physics	2	4	Core	89	Yes	Energy; Oscillations	Understand fundamental concepts	Problem solving; Conceptual understanding; Application	Physics	content_processing
Electricity	Electricity	Introduction m54417 Introduction 733779ab-85cb-4bdc-b87d-8f217765027c This child’s hair contains an imbalance of electrical charge (commonly called static electricity), which causes it to stand on end	high_school	1	physics	3	4	Core	90	Yes	Basic mathematics	Apply principles to real-world situations	Problem solving; Conceptual understanding; Application	Physics	content_processing
Nuclear Physics	Nuclear Physics	Nuclear Fission and Fusion m54574 Nuclear Fission and Fusion f7545343-8845-47fd-9f10-aaaa8283929d Section Learning Objectives By the end of this section, you will be able to do the following: Explain 	high_school	1	physics	2	4	Core	91	Yes	Atomic physics; Quantum mechanics	Learning Objectives By the end of this section, you will be able to do the following: Explain nuclear fission Explain nuclear fusion Describe how the processes of fission and fusion work in nuclear weapons and in generating nuclear power Teacher Support The learning objectives in this section will help your students master the following standards: (8) Science concepts. The student knows simp...	Problem solving; Conceptual understanding; Application	Physics	content_processing
Gravity and Gravitation	Gravity and Gravitation	Falling Objects m42102 Falling Objects 9e486db8-120e-4507-b265-e5248007faba Learning Objectives By the end of this section, you will be able to: Describe the effects of gravity on objects in motion.	undergraduate	1	general_physics	3	4	Core	92	No		Learning Objectives By the end of this section, you will be able to: Describe the effects of gravity on objects in motion. Describe the motion of objects that are in free fall. Calculate the position and velocity of objects in free fall. Falling objects form an interesting class of motion problems. For example, we can estimate the depth of a vertical mine shaft by dropping a rock into it and listening for the rock to hit...	Problem solving; Conceptual understanding; Application	College Physics for AP® Courses 2e	content_processing
Motion	Motion	Introduction to Rocket Propulsion m42166 Introduction to Rocket Propulsion 5ea664f4-f320-4873-93c7-0dc838e9c9ae Learning Objectives By the end of this section, you will be able to: State Newton’s thir	undergraduate	1	general_physics	3	4	Core	93	No		Learning Objectives By the end of this section, you will be able to: State Newton’s third law of motion. Explain the principle involved in propulsion of rockets and jet engines. Derive an expression for the acceleration of the rocket and discuss the factors that affect the acceleration. Describe the function of a space shuttle. Rockets range in size from fireworks so small that ordinar...	Problem solving; Conceptual understanding; Application	College Physics for AP® Courses 2e	content_processing
Reflection and the equations for curved mirrors teacher support the learning objectives	Reflection and the equations for curved mirrors teacher support the learning objectives	Reflection m54357 Reflection 558c0399-176a-49a9-a4f1-d3b6a16175d6 Section Learning Objectives By the end of this section, you will be able to do the following: Explain reflection from mirrors, describ	high_school	1	physics	2	4	Elective	94	No	Algebra	Learning Objectives By the end of this section, you will be able to do the following: Explain reflection from mirrors, describe image formation as a consequence of reflection from mirrors, apply ray diagrams to predict and interpret image and object locations, and describe applications of mirrors Perform calculations based on the law of reflection and the equations for curved mirrors Teacher Support The learning objectives...	Problem solving; Conceptual understanding; Application	Physics	content_processing
Refraction	Refraction	Refraction m54365 Refraction cce1289f-8a3c-4353-9036-2180e34b55b0 Section Learning Objectives By the end of this section, you will be able to do the following: Explain refraction at media boundaries, 	high_school	1	physics	2	4	Elective	95	No		Learning Objectives By the end of this section, you will be able to do the following: Explain refraction at media boundaries, predict the path of light after passing through a boundary (Snell’s law), describe the index of refraction of materials, explain total internal reflection, and describe applications of refraction and total internal reflection Perform calculations based on the law of refraction, Snell’s law, and the ...	Problem solving; Conceptual understanding; Application	Physics	content_processing
Cosmology	Cosmology	Connection for AP® Courses m54763 Connection for AP® Courses ea90794e-0043-4160-a494-3f370885c7e3 Galaxies are as immense as atoms are small.	undergraduate	1	general_physics	3	4	Elective	96	No	Relativity; Stellar physics	Understand fundamental concepts	Problem solving; Conceptual understanding; Application	College Physics for AP® Courses 2e	content_processing
Electrostatics has proven useful in many areas	Electrostatics has proven useful in many areas	Applications of Electrostatics m42329 Applications of Electrostatics 56ae5355-400b-4330-8552-980b0744e2ca Learning Objectives By the end of this section, you will be able to: The study of electrostati	undergraduate	1	general_physics	4	4	Elective	97	No		Learning Objectives By the end of this section, you will be able to: The study of electrostatics has proven useful in many areas. This module covers just a few of the many applications of electrostatics. Name several realworld applications of the study of electrostatics. The Van de Graaff Generator Van de Graaff generators (or Van de Graaffs) are not only spectacular devices used to demonst...	Problem solving; Conceptual understanding; Application	College Physics for AP® Courses 2e	content_processing
Radiotherapy and list typical doses for cancer therapy	Radiotherapy and list typical doses for cancer therapy	Therapeutic Uses of Ionizing Radiation m42654 Therapeutic Uses of Ionizing Radiation 96ed6849-22bb-4178-a008-6c09bd197dc6 Learning Objectives By the end of this section, you will be able to: Explain t	undergraduate	1	general_physics	3	4	Elective	98	Yes		Learning Objectives By the end of this section, you will be able to: Explain the concept of radiotherapy and list typical doses for cancer therapy. Therapeutic applications of ionizing radiation, called radiation therapy or radiotherapy, have existed since the discovery of xrays and nuclear radioactivity. Today, radiotherapy is used almost exclusively for cancer therapy, whe...	Problem solving; Conceptual understanding; Application	College Physics for AP® Courses 2e	content_processing
Heisenberg Uncertainty Principle Revisited	Heisenberg Uncertainty Principle Revisited	The Yukawa Particle and the Heisenberg Uncertainty Principle Revisited m42669 The Yukawa Particle and the Heisenberg Uncertainty Principle Revisited 838d9f2b-d65b-44a7-b2d1-7897af0bc74f Learning Objec	undergraduate	1	general_physics	3	4	Elective	99	No		Learning Objectives By the end of this section, you will be able to: Define Yukawa particle. State the Heisenberg uncertainty principle. Describe pion. Estimate the mass of a pion. Explain meson. Particle physics as we know it today began with the ideas of Hideki Yukawa in 1935. Physicists had long been concerned...	Problem solving; Conceptual understanding; Application	College Physics for AP® Courses 2e	content_processing
Galactic Astronomy	Galactic Astronomy	Connection for AP® Courses m54824 Connection for AP® Courses 94ce2252-3ea7-441e-ab50-b7414b56e185 This galaxy is ejecting huge jets of matter, powered by an immensely massive black hole at its center.	undergraduate	1	general_physics	3	4	Elective	100	No		Understand fundamental concepts; Apply principles to real-world situations	Problem solving; Conceptual understanding; Application	College Physics for AP® Courses 2e	content_processing
Reflection The Law of Reflection By the end of this section	Reflection The Law of Reflection By the end of this section	The Law of Reflection m58509 The Law of Reflection By the end of this section, you will be able to: Explain the reflection of light from polished and rough surfaces Describe the principle and applicat	undergraduate	1	general_physics	3	4	Elective	101	No		Understand fundamental concepts; Apply principles to real-world situations	Problem solving; Conceptual understanding; Application	College Physics for AP® Courses 2e	content_processing
Diffusion and drift current (zero applied voltage) explain the response of a p-n junction to a forward and reverse bias voltage describe the function of a transistor in an electric circuit use the concept of a p-n junction to explain its applications in audio amplifiers and computers 62a6715c-39f4-44d6-b99d-	Diffusion and drift current (zero applied voltage) explain the response of a p-n junction to a forward and reverse bias voltage describe the function of a transistor in an electric circuit use the concept of a p-n junction to explain its applications in audio amplifiers and computers 62a6715c-39f4-44d6-b99d-	Semiconductor Devices m58601 Semiconductor Devices By the end of this section, you will be able to: Describe what occurs when n- and p-type materials are joined together using the concept of diffusion	undergraduate	1	general_physics	3	4	Elective	102	Yes		Perform calculations and solve problems; Understand fundamental concepts; Apply principles to real-world situations	Problem solving; Conceptual understanding; Application	College Physics for AP® Courses 2e	content_processing
Fundamental particles and their interactions i	Fundamental particles and their interactions i	Introduction to Particle Physics m58768 Introduction to Particle Physics By the end of this section, you will be able to: Describe the four fundamental forces and what particles participate in them Id	undergraduate	1	general_physics	4	4	Elective	103	No		Understand fundamental concepts	Problem solving; Conceptual understanding; Application	College Physics for AP® Courses 2e	content_processing
The objects that lie beyond our planet earth and the processes by which these objects interact with one another	The objects that lie beyond our planet earth and the processes by which these objects interact with one another	The Nature of Astronomy m59747 The Nature of Astronomy 7f11b6c9-3774-45f2-89e7-65c0196f6c29 Astronomy is defined as the study of the objects that lie beyond our planet Earth and the processes by which	undergraduate	1	astronomy	4	4	Elective	104	No		Master core concepts; Apply knowledge effectively	Problem solving; Conceptual understanding; Application	Astronomy 2e	content_processing
The heavens was not an abst	The heavens was not an abst	Astrology and Astronomy m59772 Astrology and Astronomy 3e7849d9-bda2-4f03-8517-953f63735a69 Learning Objectives By the end of this section, you will be able to: Explain the origins of astrology Explai	undergraduate	1	astronomy	4	4	Elective	105	No		Learning Objectives By the end of this section, you will be able to: Explain the origins of astrology Explain what a horoscope is Summarize the arguments that invalidate astrology as a scientific practice Many ancient cultures regarded the planets and stars as representatives or symbols of the gods or other supernatural forces that controlled their lives. For them, the study of the heavens was not an abst...	Problem solving; Conceptual understanding; Application	Astronomy 2e	content_processing
Motion and forces explain how galileo’s discoveries tilted the balance of evidence in favor of th	Motion and forces explain how galileo’s discoveries tilted the balance of evidence in favor of th	The Birth of Modern Astronomy m59765 The Birth of Modern Astronomy 0fa12f98-6991-469f-9e81-e518d4b1507b Learning Objectives By the end of this section, you will be able to: Explain how Copernicus deve	undergraduate	1	astronomy	4	4	Elective	106	No		Learning Objectives By the end of this section, you will be able to: Explain how Copernicus developed the heliocentric model of the solar system Explain the Copernican model of planetary motion and describe evidence or arguments in favor of it Describe Galileo’s discoveries concerning the study of motion and forces Explain how Galileo’s discoveries tilted the balance of evidence in favor of th...	Problem solving; Conceptual understanding; Application	Astronomy 2e	content_processing
Stellar Evolution The H–R Diagram and the Study of Stellar Evolution Learning Objectives By the end of this section	Stellar Evolution The H–R Diagram and the Study of Stellar Evolution Learning Objectives By the end of this section	The H–R Diagram and the Study of Stellar Evolution m59918 The H–R Diagram and the Study of Stellar Evolution c80b855e-bbb9-49a4-89ca-cceaa1621efd Learning Objectives By the end of this section, you wi	undergraduate	1	astronomy	4	4	Elective	107	No	Gravity; Thermodynamics; Nuclear physics	Learning Objectives By the end of this section, you will be able to: Determine the age of a protostar using an H–R diagram and the protostar’s luminosity and temperature Explain the interplay between gravity and pressure, and how the contracting protostar changes its position in the H–R diagram as a result One of the best ways to summarize all of these...	Problem solving; Conceptual understanding; Application	Astronomy 2e	content_processing
Atomic Physics	Atomic Physics	Introduction m54082 Introduction 40fee541-6064-4639-be4a-e68a6fefb734 Teacher Support Before students begin this chapter, it is useful to review the following concepts: The definition of the atom and 	high_school	1	physics	2	4	Elective	108	Yes	Electromagnetism; Quantum mechanics	Apply principles to real-world situations	Problem solving; Conceptual understanding; Application	Physics	content_processing
Quantum Mechanics	Quantum Mechanics	Physics: Definitions and Applications m54057 Physics: Definitions and Applications 5f0710fe-1028-4ac4-b8fd-b0a6c792c642 Section Learning Objectives By the end of this section, you will be able to do t	high_school	1	physics	3	4	Elective	109	Yes	Atomic structure; Waves; Classical mechanics	Learning Objectives By the end of this section, you will be able to do the following: Describe the definition, aims, and branches of physics Describe and distinguish classical physics from modern physics and describe the importance of relativity, quantum mechanics, and relativistic quantum mechanics in modern physics Describe how aspects of physics are used in other sci...	Problem solving; Conceptual understanding; Application	Physics	content_processing
Magnetism	Magnetism	The Electromagnetic Spectrum m54342 The Electromagnetic Spectrum 7d996634-c209-41d3-a183-18f0081f9388 Section Learning Objectives By the end of this section, you will be able to do the following: Defi	high_school	1	physics	2	4	Elective	110	Yes	Electricity	Learning Objectives By the end of this section, you will be able to do the following: Define the electromagnetic spectrum, and describe it in terms of frequencies and wavelengths Describe and explain the differences and similarities of each section of the electromagnetic spectrum and the applications of radiation from those sections Teacher Support The learning objectives in this section...	Problem solving; Conceptual understanding; Application	Physics	content_processing
Stellar Physics	Stellar Physics	The Universe of the Very Small m59760 The Universe of the Very Small 15fa90be-da2d-48d6-bae9-f3b84d1d3960 The foregoing discussion has likely impressed on you that the universe is extraordinarily larg	undergraduate	1	astronomy	3	4	Elective	111	No	Gravity; Thermodynamics; Nuclear physics	Master core concepts; Apply knowledge effectively	Problem solving; Conceptual understanding; Application	Astronomy 2e	content_processing
